#{"t_start": 1765087796.369711, "env_id": "None"}
r,l,t
0.0028100803,70,0.805851
-5.2532334e-05,70,0.80589
0.001039876,70,0.805902
0.0016417231,70,0.80591
0.004040164,70,0.805918
0.003030723,70,0.805924
0.0020114316,70,0.805931
0.0007621086,70,0.805937
0.0016730154,70,1.608544
0.0013096931,70,1.608584
0.0010135034,70,1.608595
0.00035988574,70,1.608602
0.012782036,70,1.608609
-7.8465295e-05,70,1.608616
0.019087784,70,1.608629
0.0010343357,70,1.608636
0.031421706,70,2.433803
0.0002653213,70,2.433846
0.02560424,70,2.433858
0.010649377,70,2.433867
-2.4337758e-05,70,2.433874
0.004026478,70,2.433882
0.0021828087,70,2.433889
0.013450103,70,2.433895
0.0067743603,70,3.346524
-5.9255468e-05,70,3.346567
-8.423624e-05,70,3.34658
0.016940063,70,3.346589
-8.068069e-06,70,3.346596
0.0055287275,70,3.346602
0.0021878649,70,3.346609
0.00888964,70,3.346614
0.0032911724,70,4.172355
0.037369665,70,4.172397
0.002330921,70,4.172409
0.0037405756,70,4.172418
0.007076534,70,4.172426
0.0030210642,70,4.172433
0.00202035,70,4.17244
0.000927515,70,4.172446
0.00473217,70,5.005979
0.00452401,70,5.00602
0.001398365,70,5.006032
0.017702393,70,5.00604
0.004326651,70,5.006048
0.0090216985,70,5.006056
0.00289552,70,5.006063
0.0026906878,70,5.00607
0.00064198585,70,5.868463
0.0007325994,70,5.868504
0.00065337983,70,5.868516
0.0047134194,70,5.868525
0.004082224,70,5.868533
0.0008808273,70,5.86854
0.0027203057,70,5.868548
0.0034756416,70,5.868555
0.041630633,70,6.767014
0.013756667,70,6.76706
0.0010548377,70,6.767072
0.0020748624,70,6.767081
0.0005321341,70,6.767089
0.0037326394,70,6.767096
0.0025041709,70,6.767103
0.04075352,70,6.76711
0.004886337,70,7.593002
0.005584584,70,7.593056
0.020130303,70,7.593069
0.017941652,70,7.593078
0.0009044182,70,7.593087
-2.4327324e-05,70,7.593096
0.002221643,70,7.593104
0.0019851327,70,7.593113
0.0007058587,70,8.388856
0.0011504551,70,8.3889
0.001294276,70,8.388911
-5.0822448e-05,70,8.38892
0.004317701,70,8.388928
0.001562446,70,8.388936
0.0027329682,70,8.388943
0.00329057,70,8.38895
9.896915e-05,70,9.278274
0.002728118,70,9.278317
-0.00044757457,70,9.27833
0.014806428,70,9.278339
0.0049936203,70,9.278347
0.0013879857,70,9.278355
0.004115385,70,9.278362
0.0015842428,70,9.278369
0.008857908,70,10.080161
0.00036144472,70,10.080204
0.0026630827,70,10.080216
0.0005901745,70,10.080225
0.0030480048,70,10.080233
0.00054207013,70,10.08024
0.0010719037,70,10.080248
0.0018667579,70,10.080255
0.0042155995,70,10.891241
0.0015707922,70,10.891283
0.0019030465,70,10.891295
0.0031401655,70,10.891304
0.011600593,70,10.891312
0.0010802693,70,10.89132
0.0008787248,70,10.891328
0.003450613,70,10.891335
0.00043638982,70,11.684146
4.8853704e-05,70,11.68419
0.0024593642,70,11.684202
0.0023335295,70,11.684211
0.018169526,70,11.684219
0.0024754908,70,11.684227
0.0033484506,70,11.684234
0.022658616,70,11.684241
0.0008195572,70,12.573238
0.0023126951,70,12.57328
0.026590358,70,12.573292
0.0024111306,70,12.573301
0.0022527473,70,12.573309
0.0005436306,70,12.573316
0.0012684294,70,12.573323
0.0017349394,70,12.57333
0.002587136,70,13.397501
0.001969515,70,13.397548
0.003826883,70,13.397561
0.0015683804,70,13.397569
0.006334762,70,13.397577
7.8813006e-05,70,13.397584
0.00072289817,70,13.397592
0.0023414993,70,13.397599
0.0008887368,70,14.305492
0.007362499,70,14.305543
0.003745076,70,14.305556
0.0046539716,70,14.305564
0.0074933292,70,14.305572
0.0010717008,70,14.30558
0.0017152559,70,14.305587
0.0034874855,70,14.305594
0.0030703912,70,15.130023
0.00016787637,70,15.130066
0.0038559458,70,15.130079
0.0024298236,70,15.130089
0.003465517,70,15.130097
0.0011376659,70,15.130104
0.002463556,70,15.130111
0.0011063617,70,15.130119
0.0030041118,70,16.047967
0.0040060175,70,16.048013
0.0041339523,70,16.048026
0.0038938331,70,16.048034
0.0020569228,70,16.048042
0.0011404079,70,16.048049
-4.479926e-05,70,16.048057
0.0023054804,70,16.048064
0.0034867928,70,16.882381
0.010640973,70,16.882422
0.015207394,70,16.882436
0.0020115655,70,16.882455
0.0012364772,70,16.882464
0.012111995,70,16.882471
0.0025873086,70,16.882478
0.00053304393,70,16.882484
0.0011342718,70,17.704583
0.024305237,70,17.70463
0.0029125414,70,17.704644
0.0045422376,70,17.704652
0.012135136,70,17.704659
0.001160219,70,17.704665
0.006701098,70,17.704671
0.0012864795,70,17.704677
0.0014716716,70,18.60218
0.0030261767,70,18.602226
0.008988519,70,18.602238
0.0017040279,70,18.602245
0.0013015082,70,18.602252
0.00025309675,70,18.602259
0.0022431272,70,18.602265
0.00438739,70,18.602272
0.008227183,70,19.425609
0.001568757,70,19.425653
0.0017226874,70,19.425664
0.002062271,70,19.425672
0.001739347,70,19.425679
0.018298259,70,19.425685
0.009065733,70,19.425692
0.011299891,70,19.425698
0.0026337495,70,20.244028
0.0022012154,70,20.24407
0.0021331958,70,20.244082
0.0008929766,70,20.24409
0.0020631123,70,20.244097
0.0006796751,70,20.244102
0.00059668685,70,20.244109
0.0019798467,70,20.244115
0.00085150043,70,21.088377
0.0029081611,70,21.088422
0.013892189,70,21.088443
0.0021875945,70,21.088457
0.0033074827,70,21.088467
0.0033340815,70,21.088476
0.02068488,70,21.088485
0.0024983976,70,21.088494
0.0040186136,70,22.033495
0.0016882305,70,22.033541
0.0062372936,70,22.033556
0.002350799,70,22.033567
0.0013581712,70,22.033577
-9.512563e-05,70,22.033586
0.0030098152,70,22.033595
0.0016288416,70,22.033603
0.001437336,70,22.853226
0.004257482,70,22.853264
0.0015931062,70,22.853275
0.0006867599,70,22.853282
0.002124746,70,22.853289
0.0016941181,70,22.853295
0.0015951623,70,22.853301
0.0026348417,70,22.853307
0.0020483239,70,23.638725
-4.9745377e-05,70,23.638766
-0.00013455897,70,23.638777
0.002246386,70,23.638784
-0.00029610057,70,23.638791
0.0021494066,70,23.638797
0.0019277721,70,23.638803
-1.8073508e-05,70,23.638809
0.0021755877,70,24.45203
0.0008641955,70,24.452073
0.00073751545,70,24.452084
0.0034922292,70,24.452092
0.0020636423,70,24.452099
0.0016237707,70,24.452106
0.0022346647,70,24.452112
0.0056898426,70,24.452118
0.0016189512,70,25.394952
-2.578937e-05,70,25.394993
0.0032335322,70,25.395004
0.0020971177,70,25.395012
0.0009811679,70,25.39502
0.0016160272,70,25.395027
0.0213507,70,25.395033
0.002021541,70,25.395039
0.0024280583,70,26.218945
0.0034965822,70,26.218987
0.008090032,70,26.218999
0.0007053114,70,26.219007
0.0042116717,70,26.219013
0.003022965,70,26.21902
0.0011296478,70,26.219026
0.00029956235,70,26.219033
0.0014811934,70,27.074301
-3.7523787e-05,70,27.074342
0.00066334446,70,27.074355
0.0021148599,70,27.074363
0.0029884386,70,27.074371
0.003019707,70,27.074379
0.0017071102,70,27.074385
0.012067086,70,27.074391
0.017468782,70,27.994987
0.0005346449,70,27.995034
0.0017919273,70,27.995046
0.00051171746,70,27.995053
0.0008374007,70,27.99506
0.0016766039,70,27.995066
0.0009923852,70,27.995072
0.0027211052,70,27.995078
0.002178464,70,28.796249
0.017486261,70,28.796294
0.0024703662,70,28.796305
0.003691766,70,28.796313
0.001196713,70,28.796319
0.002363281,70,28.796325
0.0012881523,70,28.796332
0.0007862445,70,28.796338
0.0019947449,70,29.648507
-0.00020452969,70,29.648549
0.0015266552,70,29.648562
0.0016173051,70,29.64857
0.00014039848,70,29.648577
0.0019944774,70,29.648584
0.0022480953,70,29.648591
0.00062073575,70,29.648597
0.005235274,70,30.496056
0.0025157637,70,30.496094
0.0042140535,70,30.496106
0.0021194955,70,30.496113
0.0011934098,70,30.49612
0.0037267413,70,30.496127
0.0011989651,70,30.496134
0.011705449,70,30.49614
0.001800406,70,31.418024
0.009391897,70,31.418062
0.008030136,70,31.418073
0.0007219418,70,31.418082
0.0027201115,70,31.418089
0.0048351577,70,31.418095
0.0013107646,70,31.418101
0.0023196584,70,31.418108
0.00015326514,70,32.269926
-5.861168e-05,70,32.26997
0.00292111,70,32.269982
0.0009414002,70,32.26999
0.00046360985,70,32.269998
0.0013722331,70,32.270004
0.0038736328,70,32.27001
0.0037411451,70,32.270017
0.0022567313,70,33.091856
0.0024132312,70,33.091899
0.0020185078,70,33.091911
0.0023210724,70,33.091919
0.008779234,70,33.091933
0.00095036847,70,33.091942
0.0020910443,70,33.091949
-0.00020084795,70,33.091955
0.00094176515,70,33.924649
0.0020272143,70,33.92469
0.0021758543,70,33.924702
0.00058827153,70,33.92471
0.011843116,70,33.924717
0.0015177694,70,33.924724
0.0005390656,70,33.92473
0.0021248655,70,33.924737
0.0029807314,70,34.845618
0.0035747755,70,34.84567
0.0028267559,70,34.845683
0.0030508512,70,34.845693
0.01297214,70,34.845701
0.0027729003,70,34.845709
0.0014410373,70,34.845717
-0.00020385205,70,34.845724
0.002522804,70,35.644228
0.001196536,70,35.644269
0.0045952084,70,35.644289
0.0020329251,70,35.644304
0.0006050769,70,35.644315
0.000895906,70,35.644325
0.0014585219,70,35.644333
0.0043430496,70,35.644342
0.0016760811,70,36.450381
0.0024696554,70,36.450424
0.005127803,70,36.450438
0.005336484,70,36.450448
0.0029219477,70,36.450457
0.00071432476,70,36.450465
0.013988357,70,36.450474
0.000105172454,70,36.450485
0.013172407,70,37.358113
0.0023734493,70,37.358157
0.001978632,70,37.358173
0.0018990516,70,37.358184
0.0023524244,70,37.358194
0.0060073584,70,37.358202
0.002841437,70,37.358212
0.0017506899,70,37.35822
0.0025343345,70,38.175743
0.0065461695,70,38.175781
0.00015420139,70,38.175797
0.0009025514,70,38.175809
0.0019930908,70,38.175819
0.016878013,70,38.175828
0.00010650791,70,38.175837
0.007978074,70,38.175846
0.00207959,70,38.998129
0.00330265,70,38.998174
0.0017952649,70,38.998195
0.0016968589,70,38.998212
0.0013231626,70,38.998223
0.013617242,70,38.998234
0.02556267,70,38.998244
0.015020545,70,38.998255
0.0014421174,70,39.834529
0.014954431,70,39.83457
0.002757634,70,39.834583
0.0028802715,70,39.834591
0.0020376362,70,39.834599
0.0031710786,70,39.834606
0.0311745,70,39.834613
0.0022555108,70,39.834625
0.002046408,70,40.77978
0.0034996094,70,40.779829
0.0008903874,70,40.779842
0.0045294417,70,40.779851
0.0025836665,70,40.779859
0.002128878,70,40.779866
0.0017854976,70,40.779873
0.0010327534,70,40.77988
0.0037185259,70,41.571607
0.0013300987,70,41.57165
0.0077934116,70,41.571662
0.0023089056,70,41.571671
0.00029593718,70,41.571679
0.0015632317,70,41.571688
0.00024327461,70,41.571696
0.0005640873,70,41.571703
-0.00017382149,70,42.39679
0.009296286,70,42.396832
0.002156789,70,42.396844
0.0035436575,70,42.396854
0.003018598,70,42.396862
0.018184723,70,42.39687
0.0045896713,70,42.396878
0.00021703748,70,42.396885
0.0023853998,70,43.206964
0.018452376,70,43.207009
0.009149552,70,43.214849
0.0009360997,70,43.214878
0.0065170415,70,43.214893
0.0008410076,70,43.214905
0.003001919,70,43.214914
0.0026446572,70,43.214923
0.0008922835,70,44.171387
0.0015203964,70,44.17143
0.0011934077,70,44.171443
0.0036279175,70,44.171452
0.0035858753,70,44.17146
0.0013499168,70,44.171468
0.006963627,70,44.171474
0.0020906185,70,44.171482
0.0033902414,70,44.984293
0.0024508839,70,44.984337
0.00033870814,70,44.98435
0.0027110672,70,44.984361
-3.6929116e-05,70,44.984369
0.0015778593,70,44.984378
0.001155297,70,44.984386
-0.00020657126,70,44.984394
0.0014956092,70,45.824257
0.0015058477,70,45.8243
0.0006703024,70,45.824312
0.001407949,70,45.824322
0.009909983,70,45.82433
0.0017002086,70,45.824338
0.0014203083,70,45.824345
0.00038509528,70,45.824352
0.002367221,70,46.74939
0.0010936535,70,46.749437
0.0024866187,70,46.74945
0.0068505686,70,46.749458
0.033759236,70,46.749466
0.035714246,70,46.749474
0.011639739,70,46.749481
0.0033248393,70,46.749488
0.01919537,70,47.553628
0.0023516298,70,47.553667
0.042880856,70,47.553679
0.003952519,70,47.553687
0.0041252794,70,47.553695
0.0010104656,70,47.553702
0.0011705857,70,47.55371
0.001791216,70,47.553717
0.029329458,70,48.348579
0.0032522278,70,48.348633
0.0005523021,70,48.356435
0.0027493893,70,48.356454
0.0042681857,70,48.356466
0.0008918138,70,48.356476
0.0027256142,70,48.356485
0.0015608959,70,48.356494
5.6142795e-05,70,49.135442
0.0039566667,70,49.13548
0.0009002436,70,49.135493
0.0019177143,70,49.135502
0.0009126164,70,49.13551
0.0048466744,70,49.135518
0.00019846574,70,49.135532
0.01155098,70,49.13554
0.016300123,70,50.10825
0.000568822,70,50.108294
0.005160846,70,50.108306
0.003925261,70,50.108314
0.005973911,70,50.108322
0.0005809119,70,50.108329
0.0022288011,70,50.108336
0.002126327,70,50.108342
0.0053542154,70,50.987945
0.00083999324,70,50.987983
0.0062591545,70,50.987995
0.0016028259,70,50.988004
0.00098285,70,50.988012
0.003478739,70,50.988019
0.013865026,70,50.988025
0.004296595,70,50.988032
0.00021416042,70,51.826607
0.00064794766,70,51.826653
0.0017345798,70,51.826664
0.0021374752,70,51.826672
0.0014271705,70,51.826679
0.002667403,70,51.826685
0.0017710117,70,51.826692
0.0027389936,70,51.826698
0.00030897305,70,52.648486
0.0017062624,70,52.648525
0.0014997136,70,52.648536
0.0019729282,70,52.648543
0.0025039138,70,52.64855
0.0023528922,70,52.648556
0.005404933,70,52.648563
0.0026156658,70,52.648568
0.025079539,70,53.561659
0.0064263353,70,53.5617
0.023096675,70,53.561712
-1.2272096e-05,70,53.561721
0.016791396,70,53.561728
0.0040837964,70,53.561734
0.015419882,70,53.56174
0.0012008911,70,53.561747
0.004006311,70,54.392578
0.0027052914,70,54.392626
0.004702807,70,54.392646
0.02428791,70,54.392658
0.007943073,70,54.392667
0.004243206,70,54.392678
0.012796393,70,54.392687
0.013393311,70,54.392694
0.018059919,70,55.216184
0.021724127,70,55.216225
0.0012797209,70,55.216237
0.0013885407,70,55.216246
0.0055693146,70,55.216254
0.026016552,70,55.216261
0.030868867,70,55.216268
-0.00011164081,70,55.216275
0.023458162,70,56.130158
0.0013598473,70,56.130198
-0.00012296623,70,56.13021
0.001982768,70,56.13022
0.002066262,70,56.130228
0.0019687766,70,56.130235
0.0026712744,70,56.130243
0.0014841156,70,56.13025
0.0022588472,70,56.949611
0.007920217,70,56.94966
0.027147576,70,56.949673
0.0020200755,70,56.949682
0.0039806613,70,56.949691
0.0007352937,70,56.949698
0.0009955969,70,56.949705
0.00097319926,70,56.949712
0.0034897227,70,57.787794
0.0009953626,70,57.787836
0.007701932,70,57.78785
0.0018985203,70,57.78786
0.0052017933,70,57.787868
0.028189842,70,57.787876
-9.191024e-06,70,57.787884
0.00019562722,70,57.787893
0.0031383315,70,58.584347
0.0023699694,70,58.584389
0.000897219,70,58.584402
0.0031902315,70,58.584412
0.00058867125,70,58.584421
0.0010936003,70,58.584429
0.018014785,70,58.584438
0.00072412554,70,58.584446
0.0007692347,70,59.497096
0.0020819895,70,59.49714
0.0050948462,70,59.497154
0.0032233302,70,59.497164
0.0012149401,70,59.497173
0.008641442,70,59.497181
0.017381255,70,59.497189
0.00089289894,70,59.497196
0.018143106,70,60.311119
0.0012761785,70,60.311162
0.0055712243,70,60.311176
0.004815337,70,60.311186
0.0043262243,70,60.311195
0.0018112387,70,60.311203
0.0031644618,70,60.31121
0.00073309307,70,60.311218
0.010116583,70,61.143959
0.015278286,70,61.143998
0.0027131385,70,61.14401
0.0025759053,70,61.144019
0.0027664644,70,61.144027
0.005239548,70,61.144035
0.0023529336,70,61.144043
0.060490623,70,61.14405
0.025942411,70,61.956078
0.0013765569,70,61.956121
0.009576119,70,61.956134
0.009550328,70,61.956143
4.3089443e-05,70,61.956151
0.0016683047,70,61.956159
0.030918567,70,61.956166
0.0038838834,70,61.956173
0.0045701023,70,62.853585
0.005791183,70,62.853632
0.0021865815,70,62.853646
0.035589606,70,62.853656
0.022059625,70,62.853664
0.012102927,70,62.853672
0.010236975,70,62.853679
0.03205732,70,62.853686
0.025222583,70,63.663373
0.010571332,70,63.663413
0.01006073,70,63.663433
0.0011201844,70,63.66345
0.0011351565,70,63.663463
0.0008252013,70,63.663474
0.024310973,70,63.663484
0.000707189,70,63.663494
0.0048889006,70,64.475104
0.0018884747,70,64.475142
0.005880428,70,64.475159
0.0010870587,70,64.475173
0.0022598107,70,64.475184
2.998655e-06,70,64.475194
0.0013581964,70,64.475205
0.0019448516,70,64.475215
0.002534053,70,65.365563
0.0072961054,70,65.365607
0.005731927,70,65.365625
0.0021942856,70,65.365636
0.00015974016,70,65.365644
0.04162634,70,65.365652
0.0016093196,70,65.365659
0.002212321,70,65.365667
0.0044448995,70,66.155639
0.004530567,70,66.15568
0.005152923,70,66.155693
0.009062092,70,66.155701
0.0967404,70,66.155709
0.046833865,70,66.155717
0.021151042,70,66.155724
0.056911398,70,66.155731
0.0037809021,70,66.949933
0.002662828,70,66.949977
0.0034945866,70,66.949989
0.0047768326,70,66.949999
0.0066428846,70,66.950007
0.014456899,70,66.950014
0.07234019,70,66.950022
0.0034050134,70,66.95003
0.015130643,70,67.786027
0.0057510897,70,67.786068
0.0100064175,70,67.786081
0.0012818251,70,67.786091
0.0051236595,70,67.786101
0.046851274,70,67.786109
0.002834467,70,67.786117
0.001864759,70,67.786125
0.020778604,70,68.675913
0.004626353,70,68.675955
0.002793115,70,68.675967
0.005423595,70,68.675976
0.0027493094,70,68.675983
0.0054973816,70,68.675991
0.012014767,70,68.675998
0.0049549476,70,68.676005
0.009060897,70,69.474397
0.0057318183,70,69.474437
0.0017050129,70,69.474449
0.02732948,70,69.474458
0.017077127,70,69.474467
0.004174993,70,69.474474
0.0072245877,70,69.474482
0.008363134,70,69.474489
0.008913584,70,70.308036
0.0040257107,70,70.308076
0.048156217,70,70.308089
0.00406709,70,70.308097
0.0066291243,70,70.308106
0.023697216,70,70.308113
0.0056117913,70,70.30812
0.00015114568,70,70.308128
0.0032381166,70,71.109947
0.007997972,70,71.109987
0.01121269,70,71.109999
0.015506886,70,71.110008
0.008384983,70,71.110015
0.025937181,70,71.110023
0.020411074,70,71.11003
0.0058366433,70,71.110037
0.014511015,70,72.025561
0.052588567,70,72.025604
0.0020824205,70,72.025617
0.006554463,70,72.025634
0.0051417165,70,72.025642
0.0033358303,70,72.02565
0.0007199597,70,72.025657
0.005882974,70,72.025665
0.02599274,70,72.830851
0.0081487,70,72.83089
0.008072522,70,72.830902
0.0144834565,70,72.830911
0.0013191192,70,72.830919
0.01087422,70,72.830926
0.04717647,70,72.830934
0.06654448,70,72.830941
0.0032446093,70,73.647548
0.0024961948,70,73.64759
0.0021009725,70,73.647603
0.0021297596,70,73.647613
0.014922015,70,73.647628
0.029824704,70,73.647638
0.005715796,70,73.647646
0.0016196233,70,73.647654
0.002411706,70,74.580124
0.0020003126,70,74.580166
0.029449832,70,74.580178
0.00572388,70,74.580188
0.003685065,70,74.580197
0.0081397295,70,74.580204
0.002726328,70,74.580211
0.030777073,70,74.580219
0.06283388,70,75.408305
0.0076615387,70,75.408347
0.11916412,70,75.40836
0.004892962,70,75.408369
0.008075271,70,75.408377
0.035259336,70,75.408385
0.0025808301,70,75.408392
0.036768995,70,75.408399
0.067518815,70,76.271502
0.05489544,70,76.271542
0.003826938,70,76.271554
-0.00017254446,70,76.271563
0.019556379,70,76.271571
0.001807982,70,76.271579
0.027051048,70,76.271586
0.021496084,70,76.271593
0.0031507285,70,77.063113
0.02385482,70,77.06316
0.0054866076,70,77.063173
0.0061833477,70,77.063182
0.02303169,70,77.06319
0.019711051,70,77.063197
0.0013291608,70,77.063205
0.016181897,70,77.063212
0.024369204,70,77.957078
0.010969095,70,77.95712
0.016234726,70,77.957132
0.01307319,70,77.957141
0.0030901527,70,77.95715
0.04448945,70,77.957158
0.061156586,70,77.957165
0.017224748,70,77.957172
0.11370967,70,78.755203
0.0066180103,70,78.755249
0.035059355,70,78.755263
0.018359762,70,78.755272
0.0031438016,70,78.755282
0.0074218726,70,78.755291
0.0008512687,70,78.7553
0.12534851,70,78.755308
0.03911429,70,79.636965
0.005817712,70,79.637007
0.012279152,70,79.637018
0.037168536,70,79.637027
0.0016647102,70,79.637035
0.00027886222,70,79.637042
0.03427392,70,79.63705
0.22666104,70,79.637057
0.0016649419,70,80.440081
0.020894095,70,80.440122
0.0210586,70,80.440134
0.004028084,70,80.440143
0.004663828,70,80.440151
0.057826135,70,80.440159
0.015122032,70,80.440166
0.0050943578,70,80.440174
0.0002278907,70,81.340442
0.16132528,70,81.340488
0.038375475,70,81.340505
0.00053745584,70,81.340518
0.0033905876,70,81.340528
0.002877818,70,81.340537
0.023170305,70,81.340545
0.048200186,70,81.340553
0.007605029,70,82.156837
0.01291571,70,82.156881
0.003710846,70,82.156894
0.010952635,70,82.156903
0.01894565,70,82.156911
0.035474822,70,82.156927
0.028110795,70,82.156934
0.021625277,70,82.15694
0.012465731,70,82.960853
0.018200548,70,82.960904
0.0027341656,70,82.960917
0.044156928,70,82.960926
0.0029321676,70,82.960933
0.0016225853,70,82.960941
0.008973799,70,82.960948
0.027219346,70,82.960955
0.010191148,70,83.871806
0.0015045922,70,83.871851
0.0028940954,70,83.871864
0.019315455,70,83.871873
0.016443355,70,83.871881
0.025705213,70,83.871888
0.034213815,70,83.871896
0.03976345,70,83.871902
0.0066638286,70,84.681324
0.040095262,70,84.681363
0.0142928865,70,84.681375
0.07824662,70,84.681383
0.007750073,70,84.681391
0.15908039,70,84.681399
0.043134235,70,84.681406
0.002132755,70,84.681414
0.0054476815,70,85.513866
0.0957219,70,85.513909
0.003398945,70,85.513921
0.0038061761,70,85.513931
0.0036572611,70,85.51394
0.0102514215,70,85.513948
0.01001607,70,85.513956
0.049572047,70,85.513964
0.044497862,70,86.334478
0.009515068,70,86.334518
0.024805784,70,86.334531
0.013571938,70,86.33454
0.0025496823,70,86.334549
0.004589637,70,86.334557
0.15553094,70,86.334566
0.0068503995,70,86.334573
0.006389525,70,87.271253
0.0030659942,70,87.271296
0.0026398662,70,87.27131
0.003339618,70,87.27132
0.031659763,70,87.271328
0.09082496,70,87.271337
0.0039677974,70,87.271345
0.0003354417,70,87.271353
0.06904671,70,88.12724
0.005802262,70,88.127286
0.011928228,70,88.127299
0.023602923,70,88.127307
0.06734857,70,88.127316
0.021732502,70,88.127323
0.1858309,70,88.127331
0.008051531,70,88.127338
0.01034085,70,88.928493
0.006879937,70,88.928539
0.004704912,70,88.928552
0.0051824376,70,88.92856
0.004704014,70,88.928569
0.007079226,70,88.928576
0.011191232,70,88.928584
0.0021544294,70,88.928591
0.037180416,70,89.729304
0.017863533,70,89.729345
0.002060715,70,89.729357
0.01405297,70,89.729365
0.046116143,70,89.729373
0.0267777,70,89.72938
0.0012825378,70,89.729388
0.06698464,70,89.729395
0.008633898,70,90.642324
0.03991884,70,90.642367
0.028274335,70,90.64238
0.00826942,70,90.64239
0.0055498434,70,90.642399
0.0031467672,70,90.642409
0.078693755,70,90.642417
0.023944957,70,90.642425
0.004082856,70,91.480049
0.034779817,70,91.480095
0.15192333,70,91.480108
0.010528406,70,91.480118
0.025778761,70,91.480126
0.023924634,70,91.480134
0.08857154,70,91.480142
0.0037183035,70,91.48015
0.0034203874,70,92.348946
0.026289392,70,92.348989
0.03669101,70,92.349001
0.0049710637,70,92.34901
0.0048588314,70,92.349018
0.00041668135,70,92.349025
0.13469288,70,92.349033
0.0138608385,70,92.34904
0.007195501,70,93.255292
0.022417335,70,93.255334
0.024775455,70,93.255347
0.00033460796,70,93.255355
0.011273554,70,93.255363
0.060017817,70,93.255371
0.02503186,70,93.255378
0.009322264,70,93.255386
0.058993287,70,94.071764
0.005285166,70,94.071822
0.034300365,70,94.071836
0.0159014,70,94.071846
0.15424208,70,94.071855
0.052193496,70,94.071862
0.0028842664,70,94.07187
0.022869524,70,94.071877
0.0055178264,70,94.86236
0.005361297,70,94.862402
0.0027753133,70,94.862422
0.012700452,70,94.862432
0.0022124152,70,94.862441
0.0036462515,70,94.862451
0.06646122,70,94.862459
0.0075091096,70,94.862466
0.08461991,70,95.680506
0.039917946,70,95.68055
0.03072624,70,95.680562
0.007399242,70,95.680571
0.012072873,70,95.680579
0.023582943,70,95.680586
0.036091473,70,95.680593
0.005440499,70,95.6806
0.02786404,70,96.634413
0.09204164,70,96.634456
0.017185315,70,96.634476
0.0068834205,70,96.634487
0.09317082,70,96.634496
0.16250083,70,96.634504
0.0047563873,70,96.634512
0.022123998,70,96.63452
0.008640513,70,97.463668
0.0027770493,70,97.463707
0.08888632,70,97.46372
0.006344548,70,97.463728
0.08303492,70,97.463736
0.005817256,70,97.463743
0.21929681,70,97.463751
0.28556615,70,97.463758
0.0033016165,70,98.340674
0.0051720003,70,98.34072
0.040815927,70,98.340733
0.0039567584,70,98.340742
0.069819935,70,98.34075
0.00605125,70,98.340757
0.0037533548,70,98.340764
0.009211944,70,98.340771
0.049169514,70,99.145333
0.0029804227,70,99.145379
0.06716734,70,99.153194
0.10396358,70,99.153228
0.046251237,70,99.153241
0.03188387,70,99.15325
0.004556264,70,99.153258
0.0013225451,70,99.153267
0.0017242897,70,100.144224
0.050469182,70,100.144274
0.09905106,70,100.144287
0.2887683,70,100.144298
0.059043266,70,100.144307
0.06117626,70,100.144315
0.01581166,70,100.144323
0.11697702,70,100.144331
0.011070421,70,100.974512
0.05754208,70,100.974559
0.0017889934,70,100.974571
0.012883149,70,100.97458
0.0035087585,70,100.974588
0.0035101287,70,100.974596
0.008157855,70,100.974603
0.061272096,70,100.974611
0.15068626,70,101.803495
0.0090344,70,101.803546
0.030007418,70,101.803558
0.10480414,70,101.803567
0.1890771,70,101.803575
5.969504e-05,70,101.803582
0.0044228435,70,101.80359
0.052976817,70,101.803597
0.050444532,70,102.682712
0.089729235,70,102.682759
0.011218888,70,102.682771
0.007796437,70,102.68278
0.13492316,70,102.682788
0.029931555,70,102.682796
0.046557855,70,102.682803
0.0057371515,70,102.68281
0.037215635,70,103.465429
0.046815958,70,103.465471
0.10381885,70,103.465483
0.008001706,70,103.465492
0.13015799,70,103.4655
0.018115336,70,103.465507
0.09585288,70,103.465515
0.008820297,70,103.465522
0.19329709,70,104.276098
0.010978388,70,104.276145
0.019497061,70,104.283991
0.059506528,70,104.284017
0.11456376,70,104.284031
0.10761109,70,104.284041
0.055964254,70,104.28405
0.0114066135,70,104.284059
0.0011242782,70,105.098939
0.14633802,70,105.098982
0.026201997,70,105.098996
0.00490535,70,105.099006
0.0040284665,70,105.099015
0.034743387,70,105.099023
0.011308202,70,105.099031
0.04379843,70,105.099039
0.09912721,70,105.99158
0.030133385,70,105.991629
0.077466,70,105.991644
0.0024961513,70,105.991652
0.007848975,70,105.991661
0.12186769,70,105.991668
0.23856655,70,105.991676
0.26233032,70,105.991683
0.0069999434,70,106.79651
0.22299421,70,106.796552
0.208026,70,106.796564
0.0025328477,70,106.796573
0.034413483,70,106.796581
0.08816833,70,106.796589
0.011777975,70,106.796597
0.17867242,70,106.796604
0.22448309,70,107.617429
0.20680952,70,107.617474
0.26786953,70,107.617496
0.14626542,70,107.617512
0.052179746,70,107.617524
0.18679951,70,107.617535
0.0112487795,70,107.617545
-3.137056e-05,70,107.617556
0.2867616,70,108.452899
0.060355313,70,108.45294
0.0044135256,70,108.452952
0.0070515806,70,108.452962
0.017369283,70,108.45297
0.16741817,70,108.452978
0.14758518,70,108.452985
0.0032545659,70,108.452992
0.13871098,70,109.411806
0.0153807355,70,109.411854
0.19941683,70,109.419672
0.022751642,70,109.419703
0.009180475,70,109.419724
0.028658621,70,109.419741
0.18344732,70,109.419757
0.22961235,70,109.419773
0.023856692,70,110.306714
0.052980945,70,110.306752
0.030626608,70,110.306764
0.1177724,70,110.306773
0.053896558,70,110.306781
0.09327336,70,110.306788
0.018128345,70,110.306795
0.17584683,70,110.306802
0.18815705,70,111.157501
0.1283911,70,111.157546
0.02252756,70,111.157559
0.107621744,70,111.157568
0.236665,70,111.157575
0.26917842,70,111.157582
0.024096966,70,111.157589
0.20248376,70,111.157597
0.08304712,70,112.070951
0.07376635,70,112.07099
0.03626472,70,112.071002
0.12531011,70,112.071011
0.16970225,70,112.071019
0.23723808,70,112.071026
0.06518065,70,112.071033
0.122114845,70,112.07104
0.18464959,70,112.893359
0.1484517,70,112.89341
0.0070079383,70,112.893432
0.17147924,70,112.893444
0.14392625,70,112.893454
0.011806773,70,112.893462
0.09496324,70,112.89347
0.28021157,70,112.893477
0.17132044,70,113.705774
0.07988616,70,113.705814
0.27332434,70,113.705827
0.019612925,70,113.705835
0.012600895,70,113.705843
0.14542189,70,113.705851
0.15271628,70,113.705858
0.22738437,70,113.705865
0.24034013,70,114.510225
0.0073691225,70,114.510268
0.14964828,70,114.51028
0.03163333,70,114.510289
0.007545016,70,114.510297
0.01060025,70,114.510305
0.1842628,70,114.510312
0.11796211,70,114.510319
0.006306646,70,115.469339
0.02384223,70,115.469383
0.055455487,70,115.469397
0.14206062,70,115.469407
0.12763669,70,115.469416
0.2626598,70,115.469424
0.0141592715,70,115.469439
0.08458809,70,115.469447
0.27347526,70,116.304528
0.1583407,70,116.304567
0.0950056,70,116.304577
0.18013738,70,116.304585
0.22293624,70,116.304591
0.036488578,70,116.304597
0.02049468,70,116.304604
0.11847907,70,116.30461
0.27254647,70,117.140062
0.026318146,70,117.140102
0.20576231,70,117.140113
0.10165424,70,117.140121
0.27401537,70,117.140128
0.25324112,70,117.140134
0.2465808,70,117.14014
0.1525671,70,117.140146
0.21994084,70,118.077484
0.2548562,70,118.077526
0.09229468,70,118.077537
0.19560826,70,118.077544
0.24264236,70,118.077551
0.028678939,70,118.077557
0.052997373,70,118.077564
0.23072493,70,118.07757
0.2480431,70,118.882835
0.26196334,70,118.882874
0.06075149,70,118.88289
0.26020542,70,118.882899
0.14473368,70,118.882906
0.2040121,70,118.882912
0.27561134,70,118.882919
0.27210563,70,118.882925
0.1849612,70,119.702663
0.2564117,70,119.702705
0.26096144,70,119.702717
0.16759248,70,119.702725
0.26989785,70,119.702733
0.11802731,70,119.70274
0.119178325,70,119.702747
0.0020639705,70,119.702753
0.26334766,70,120.513802
0.18790463,70,120.513844
0.2729062,70,120.513862
0.16115385,70,120.513877
0.27786013,70,120.513888
0.2401222,70,120.513897
0.28127414,70,120.513906
0.027380267,70,120.513915
0.28122562,70,121.437069
0.02540008,70,121.437115
0.26417118,70,121.437132
0.007849347,70,121.437152
0.112147,70,121.437163
0.24763379,70,121.437174
0.26711607,70,121.437184
0.2977723,70,121.437194
0.012539323,70,122.272659
0.27008405,70,122.272702
0.16214047,70,122.272719
0.17709796,70,122.272731
0.22684881,70,122.272742
0.09634893,70,122.272751
0.038594887,70,122.272761
0.15771092,70,122.272772
0.15082411,70,123.086722
0.20249733,70,123.086772
0.27782416,70,123.086791
0.2692387,70,123.086804
0.014827382,70,123.086812
0.23780087,70,123.08682
0.046560414,70,123.086828
0.24595766,70,123.086835
0.017555952,70,123.907389
0.27781206,70,123.907436
0.015390601,70,123.907448
0.27011427,70,123.907458
0.037649952,70,123.907466
0.025863022,70,123.907474
0.20612152,70,123.907481
0.2734278,70,123.907488
0.07155567,70,124.820373
0.27400008,70,124.820423
0.27356416,70,124.820435
0.15937968,70,124.820443
0.038423322,70,124.820451
0.029713897,70,124.820459
0.2064585,70,124.820466
0.1720721,70,124.820473
0.2700925,70,125.627747
0.2686932,70,125.627786
0.07760173,70,125.627798
0.28006965,70,125.627806
0.1507498,70,125.627814
0.27715147,70,125.627822
0.25834113,70,125.627829
0.24695511,70,125.627836
0.2825567,70,126.426929
0.2752043,70,126.426974
0.081807055,70,126.426986
0.16126919,70,126.426994
0.26689807,70,126.427002
0.12746811,70,126.42701
0.28319776,70,126.427017
0.13462436,70,126.427024
0.2644472,70,127.31955
0.27318823,70,127.319594
0.13226673,70,127.319606
0.17694362,70,127.319614
0.011694282,70,127.319629
0.0007888834,70,127.319645
0.25631115,70,127.319654
0.25734755,70,127.319661
0.19819617,70,128.124274
0.2260808,70,128.124313
0.2737727,70,128.124325
0.1651227,70,128.124332
0.13949864,70,128.12434
0.26758248,70,128.124348
0.16587545,70,128.124355
0.2621312,70,128.124362
0.107018694,70,128.932429
0.2711612,70,128.932473
0.17496172,70,128.932485
0.09810165,70,128.932494
0.2504695,70,128.932502
0.28047144,70,128.93251
0.024258848,70,128.932517
0.2737775,70,128.932524
0.26668215,70,129.855116
0.27313286,70,129.855156
0.26490986,70,129.855167
0.24702598,70,129.855175
0.012732841,70,129.855183
0.039292023,70,129.855191
0.22837901,70,129.855198
0.15485235,70,129.855205
0.14718522,70,130.842032
0.2798979,70,130.842078
0.27123302,70,130.84209
0.26399863,70,130.842099
0.17911342,70,130.842107
0.26727265,70,130.842115
0.15852658,70,130.842122
0.25943267,70,130.842129
0.25112933,70,131.69329
0.27503568,70,131.693352
0.2770002,70,131.693366
0.03581811,70,131.693377
0.24823253,70,131.693385
0.2730206,70,131.693393
0.23962198,70,131.6934
0.2521033,70,131.693408
0.26204565,70,132.540066
0.05064816,70,132.540109
0.26463225,70,132.540121
0.029884662,70,132.540129
0.22501257,70,132.540137
0.27560174,70,132.540152
0.043468516,70,132.540159
0.2623376,70,132.540166
0.2762432,70,133.370441
0.2795392,70,133.370484
0.21330632,70,133.370495
0.118252106,70,133.370502
0.1793185,70,133.370509
0.26926193,70,133.370515
0.283257,70,133.370522
0.26657817,70,133.370528
0.2757244,70,134.301558
0.19036467,70,134.301601
0.22232969,70,134.301612
0.2741226,70,134.301625
0.12552962,70,134.301633
0.120467044,70,134.30164
0.16982438,70,134.301646
0.14074358,70,134.301652
0.24500813,70,135.130644
0.2745389,70,135.130689
0.28181598,70,135.130701
0.030706927,70,135.130708
0.26072276,70,135.130715
0.2577937,70,135.130722
0.14941339,70,135.130728
0.25883755,70,135.130734
0.28181484,70,135.964376
0.27499714,70,135.964419
0.14119992,70,135.96443
0.15800567,70,135.964437
0.20443414,70,135.964444
0.259368,70,135.964451
0.26204753,70,135.964457
0.004739192,70,135.964463
0.023027733,70,136.914219
0.15781933,70,136.914267
0.19984703,70,136.914282
0.26308832,70,136.914293
0.25070122,70,136.914303
0.25826862,70,136.914312
0.2641796,70,136.91432
0.27620667,70,136.914329
0.23578545,70,137.777833
0.16974837,70,137.777876
0.2700026,70,137.777894
0.27748227,70,137.777908
0.034368474,70,137.777918
0.29098517,70,137.777927
0.2686275,70,137.777936
0.20888183,70,137.777945
0.26814586,70,138.61782
0.2625956,70,138.617864
0.2585605,70,138.617876
0.19606315,70,138.617884
0.2209505,70,138.617893
0.039604753,70,138.6179
0.2853835,70,138.617908
0.27757484,70,138.617915
0.26808167,70,139.410705
0.109888405,70,139.410746
0.25011307,70,139.410758
0.28153786,70,139.410767
0.26561874,70,139.410774
0.27731472,70,139.410782
0.2715675,70,139.410789
0.025343284,70,139.410797
0.2637866,70,140.304998
0.26079136,70,140.305041
0.2801202,70,140.305053
0.2923504,70,140.305062
0.026915226,70,140.305069
0.27437863,70,140.305078
0.26567233,70,140.305085
0.24153334,70,140.305092
0.2662891,70,141.12833
0.29226053,70,141.128375
0.2883509,70,141.128387
0.041526116,70,141.128397
0.26268348,70,141.128405
0.2681803,70,141.128412
0.16461465,70,141.12842
0.15414643,70,141.128427
0.27924913,70,141.923905
0.25188565,70,141.923949
0.25748882,70,141.923961
0.26311934,70,141.92397
0.2155594,70,141.923977
0.031527795,70,141.923984
0.25679895,70,141.923992
0.2702664,70,141.923999
0.26832056,70,142.716959
0.030092271,70,142.717
0.2860575,70,142.717013
0.027657377,70,142.717022
0.2758419,70,142.717029
0.28051856,70,142.717036
0.27237225,70,142.717044
0.2629798,70,142.717051
0.2154539,70,143.602323
0.25261307,70,143.602363
0.26903886,70,143.602375
0.17045733,70,143.602383
0.25436053,70,143.602391
0.27707106,70,143.602398
0.27379504,70,143.602405
0.27973294,70,143.602412
0.27859765,70,144.410125
0.14590828,70,144.410167
0.2658248,70,144.410181
0.11157576,70,144.410189
0.2536574,70,144.410197
0.27469662,70,144.410205
0.29195803,70,144.410212
0.28678626,70,144.410225
0.25576892,70,145.215454
0.24831869,70,145.215495
0.23388448,70,145.215507
0.2725284,70,145.215515
0.26882604,70,145.215523
0.17720161,70,145.21553
0.25120696,70,145.215538
0.2720421,70,145.215545
0.28019148,70,146.116256
0.28089657,70,146.116297
0.2735874,70,146.116309
0.25672644,70,146.116319
0.25619382,70,146.116327
0.26535568,70,146.116334
0.26626474,70,146.116347
0.18655787,70,146.116354
0.27340385,70,146.937471
0.27330604,70,146.937514
0.27516896,70,146.937526
0.2745424,70,146.937534
0.026610073,70,146.937541
0.25005156,70,146.937549
0.26986977,70,146.937556
0.27788997,70,146.937563
0.2553372,70,147.74791
0.23387177,70,147.747952
0.28005874,70,147.747966
0.27821764,70,147.747975
0.25052902,70,147.747983
0.25877267,70,147.747992
0.008687336,70,147.748
0.25437567,70,147.748008
0.26491064,70,148.564466
0.25256747,70,148.564505
0.2662888,70,148.564517
0.2527506,70,148.564525
0.27531567,70,148.564533
0.27752241,70,148.564541
0.27015302,70,148.564548
0.2593806,70,148.564555
0.2762998,70,149.449282
0.035176966,70,149.449325
0.19679272,70,149.449337
0.2638654,70,149.449347
0.2630132,70,149.449361
0.27094793,70,149.449368
0.28020284,70,149.449375
0.2548324,70,149.449381
0.03474087,70,150.252359
0.27827507,70,150.252406
0.26229334,70,150.252418
0.2700504,70,150.252427
0.045859803,70,150.252434
0.27765134,70,150.252442
0.26977533,70,150.25245
0.26458043,70,150.252457
0.27033177,70,151.064581
0.02617931,70,151.064631
0.28824246,70,151.064645
0.26608106,70,151.064654
0.28414366,70,151.064662
0.27338007,70,151.064669
0.27248415,70,151.064676
0.26213837,70,151.064683
0.26781234,70,151.864436
0.2658695,70,151.864481
0.24918503,70,151.864493
0.2654436,70,151.864501
0.2803697,70,151.864509
0.26623613,70,151.864516
0.27306318,70,151.864523
0.28020573,70,151.86453
